駅名,駅名平仮名
Ｊヴィレッジ,じぇいゔぃれっじ
あしかがフラワーパーク,あしかがふらわーぱーく
いわき,いわき
さいたま新都心,さいたましんとしん
ひたち野うしく,ひたちのうしく
阿佐ケ谷,あさがや
旭,あさひ
綾瀬,あやせ
安食,あじき
安善,あんぜん
安中,あんなか
安房鴨川,あわかもがわ
安房勝山,あわかつやま
安房小湊,あわこみなと
安房天津,あわあまつ
伊勢崎,いせさき
伊東,いとう
伊豆多賀,いずたが
衣笠,きぬがさ
井野,いの
磯原,いそはら
磯子,いそご
磯部,いそべ
稲城長沼,いなぎながぬま
稲田,いなだ
稲田堤,いなだづつみ
稲毛,いなげ
稲毛海岸,いなげかいがん
宇佐美,うさみ
宇都宮,うつのみや
羽黒,はぐろ
羽村,はむら
羽沢横浜国大,はざわよこはまこくだい
羽鳥,はとり
鵜原,うばら
浦和,うらわ
永田,ながた
越生,おごせ
越谷レイクタウン,こしがやれいくたうん
越中島,えっちゅうじま
榎戸,えのきど
延方,のぶかた
猿橋,さるはし
猿田,さるた
塩崎,しおざき
塩山,えんざん
奥多摩,おくたま
横芝,よこしば
横須賀,よこすか
横川,よこかわ
横浜,よこはま
王子,おうじ
岡部,おかべ
岡本,おかもと
荻窪,おぎくぼ
桶川,おけがわ
下館,しもだて
下溝,しもみぞ
下総橘,しもうさたちばな
下総松崎,しもうさまつざき
下総神崎,しもうさこうざき
下総中山,しもうさなかやま
下総豊里,しもうさとよさと
下野大沢,しもつけおおさわ
河辺,かべ
我孫子,あびこ
海芝浦,うみしばうら
海浜幕張,かいひんまくはり
海老名,えびな
笠間,かさま
笠幡,かさはた
滑河,なめがわ
葛西臨海公園,かさいりんかいこうえん
蒲須坂,かますさか
蒲田,かまた
鎌取,かまとり
鎌倉,かまくら
鴨宮,かものみや
鴨居,かもい
茅ケ崎,ちがさき
寒川,さむかわ
干潟,ひがた
間々田,ままだ
関内,かんない
館山,たてやま
巌根,いわね
岩井,いわい
岩間,いわま
岩舟,いわふね
岩宿,いわじゅく
岩瀬,いわせ
岩本,いわもと
寄居,よりい
亀戸,かめいど
亀有,かめあり
菊名,きくな
吉祥寺,きちじょうじ
吉川,よしかわ
吉川美南,よしかわみなみ
久ノ浜,ひさのはま
久喜,くき
久住,くすみ
久地,くじ
久里浜,くりはま
宮ノ平,みやのひら
宮原,みやはら
宮山,みややま
求名,ぐみょう
牛久,うしく
牛浜,うしはま
橋本,はしもと
玉戸,たまと
桐生,きりゅう
錦糸町,きんしちょう
金子,かねこ
金町,かなまち
九重,ここのえ
駒形,こまがた
駒込,こまごめ
空港第２ビル,くうこうだいにびる
熊川,くまがわ
熊谷,くまがや
栗橋,くりはし
君津,きみつ
群馬総社,ぐんまそうじゃ
群馬藤岡,ぐんまふじおか
群馬八幡,ぐんまやわた
軍畑,いくさばた
恵比寿,えびす
結城,ゆうき
検見川浜,けみがわはま
原宿,はらじゅく
原当麻,はらたいま
古河,こが
古淵,こぶち
古里,こり
戸塚,とつか
戸田,とだ
戸田公園,とだこうえん
湖北,こほく
五井,ごい
五反田,ごたんだ
後閑,ごかん
御宿,おんじゅく
御茶ノ水,おちゃのみず
御徒町,おかちまち
御嶽,みたけ
厚木,あつぎ
向河原,むかいがわら
広野,ひろの
江見,えみ
港南台,こうなんだい
甲斐大和,かいやまと
甲府,こうふ
荒川沖,あらかわおき
行川アイランド,なめがわあいらんど
行田,ぎょうだ
香取,かとり
香川,かがわ
高円寺,こうえんじ
高崎,たかさき
高崎問屋町,たかさきとんやまち
高田馬場,たかだのばば
高萩,たかはぎ
高尾,たかお
高浜,たかはま
高輪ゲートウェイ,たかなわげーとうぇい
高麗川,こまがわ
鴻巣,こうのす
国定,くにさだ
国道,こくどう
国府津,こうづ
国分寺,こくぶんじ
国立,くにたち
黒磯,くろいそ
今市,いまいち
根岸,ねぎし
根府川,ねぶかわ
佐貫町,さぬきまち
佐原,さわら
佐倉,さくら
佐野,さの
佐和,さわ
桜木町,さくらぎちょう
笹子,ささご
笹川,ささがわ
三河島,みかわしま
三郷,みさと
三鷹,みたか
三門,みかど
山手,やまて
山前,やままえ
山梨市,やまなしし
四ツ倉,よつくら
四ツ谷,よつや
四街道,よつかいどう
四方津,しおつ
姉ケ崎,あねがさき
市ケ谷,いちがや
市川,いちかわ
市川塩浜,いちかわしおはま
市川大野,いちかわおおの
思川,おもいがわ
指扇,さしおうぎ
氏家,うじいえ
児玉,こだま
自治医大,じちいだい
鹿沼,かぬま
鹿島神宮,かしまじんぐう
鹿島田,かしまだ
宍戸,ししど
社家,しゃけ
取手,とりで
酒々井,しすい
酒折,さかおり
秋川,あきがわ
秋葉原,あきはばら
十王,じゅうおう
十条,じゅうじょう
十二橋,じゅうにきょう
十日市場,とおかいちば
渋川,しぶかわ
渋谷,しぶや
宿河原,しゅくがわら
春日居町,かすがいちょう
初狩,はつかり
勝浦,かつうら
勝沼ぶどう郷,かつぬまぶどうきょう
勝田,かつた
小岩,こいわ
小机,こづくえ
小宮,こみや
小金井,こがねい
小見川,おみがわ
小作,おざく
小山,おやま
小川町,おがわまち
小田栄,おだえい
小田原,おだわら
小田林,おたばやし
小俣,おまた
小木津,おぎつ
小林,こばやし
昭島,あきしま
昭和,しょうわ
松井田,まついだ
松岸,まつぎし
松久,まつひさ
松戸,まつど
松尾,まつお
沼田,ぬまた
上溝,かみみぞ
上菅谷,かみすがや
上総一ノ宮,かずさいちのみや
上総興津,かずさおきつ
上総湊,かずさみなと
上中里,かみなかざと
上尾,あげお
上牧,かみまき
上野,うえの
上野原,うえのはら
常陸多賀,ひたちたが
常陸太田,ひたちおおた
常陸大宮,ひたちおおみや
植田,うえだ
尻手,しって
信濃町,しなのまち
新浦安,しんうらやす
新横浜,しんよこはま
新橋,しんばし
新検見川,しんけみがわ
新座,にいざ
新三郷,しんみさと
新子安,しんこやす
新治,にいはり
新芝浦,しんしばうら
新秋津,しんあきつ
新習志野,しんならしの
新宿,しんじゅく
新小岩,しんこいわ
新小平,しんこだいら
新松戸,しんまつど
新杉田,しんすぎた
新川崎,しんかわさき
新前橋,しんまえばし
新大久保,しんおおくぼ
新町,しんまち
新日本橋,しんにほんばし
新白岡,しんしらおか
新八柱,しんやはしら
新茂原,しんもばら
新木,あらき
新木場,しんきば
深谷,ふかや
真鶴,まなづる
神田,かんだ
神保原,じんぼはら
神立,かんだつ
逗子,ずし
吹上,ふきあげ
水郷,すいごう
水上,みなかみ
水道橋,すいどうばし
雀宮,すずめのみや
成瀬,なるせ
成田,なりた
成田空港,なりたくうこう
成東,なるとう
西浦和,にしうらわ
西荻窪,にしおぎくぼ
西国分寺,にしこくぶんじ
西国立,にしくにたち
西松井田,にしまついだ
西千葉,にしちば
西川越,にしかわごえ
西川口,にしかわぐち
西船橋,にしふなばし
西大井,にしおおい
西大宮,にしおおみや
西那須野,にしなすの
西日暮里,にしにっぽり
西八王子,にしはちおうじ
西府,にしふ
西立川,にしたちかわ
青梅,おうめ
青堀,あおほり
石岡,いしおか
石橋,いしばし
石神前,いしがみまえ
石川町,いしかわちょう
石和温泉,いさわおんせん
赤羽,あかばね
赤塚,あかつか
折原,おりはら
千歳,ちとせ
千倉,ちくら
千駄ケ谷,せんだがや
千葉,ちば
千葉みなと,ちばみなと
川井,かわい
川越,かわごえ
川口,かわぐち
川崎,かわさき
川崎新町,かわさきしんまち
川島,かわしま
扇町,おうぎまち
泉,いずみ
浅草橋,あさくさばし
浅野,あさの
船橋,ふなばし
船橋法典,ふなばしほうてん
前橋,まえばし
前橋大島,まえばしおおしま
蘇我,そが
双葉,ふたば
倉賀野,くらがの
倉橋,くらはし
倉見,くらみ
早川,はやかわ
巣鴨,すがも
相原,あいはら
相武台下,そうぶだいした
相模原,さがみはら
相模湖,さがみこ
草野,くさの
足利,あしかが
袖ケ浦,そでがうら
太海,ふとみ
太東,たいとう
代々木,よよぎ
大井町,おおいまち
大磯,おおいそ
大貫,おおぬき
大久保,おおくぼ
大宮,おおみや
大月,おおつき
大原,おおはら
大戸,おおど
大口,おおぐち
大崎,おおさき
大森,おおもり
大川,おおかわ
大船,おおふな
大津港,おおつこう
大塚,おおつか
大平下,おおひらした
大網,おおあみ
大野,おおの
大和,やまと
大甕,おおみか
沢井,さわい
谷保,やほ
丹荘,たんしょう
池袋,いけぶくろ
竹岡,たけおか
竹沢,たけざわ
中浦和,なかうらわ
中山,なかやま
中神,なかがみ
中之条,なかのじょう
中野,なかの
中野島,なかのしま
潮見,しおみ
潮来,いたこ
町田,まちだ
銚子,ちょうし
長浦,ながうら
長者町,ちょうじゃまち
長津田,ながつた
長野原草津口,ながのはらくさつぐち
鳥沢,とりさわ
津久田,つくだ
津田山,つだやま
津田沼,つだぬま
椎柴,しいしば
辻堂,つじどう
鶴見,つるみ
鶴見小野,つるみおの
鶴田,つるた
的場,まとば
天王台,てんのうだい
田浦,たうら
田端,たばた
田町,たまち
登戸,のぼりと
都賀,つが
土浦,つちうら
土気,とけ
土呂,とろ
東浦和,ひがしうらわ
東我孫子,ひがしあびこ
東海,とうかい
東京,とうきょう
東金,とうがね
東結城,ひがしゆうき
東戸塚,ひがしとつか
東山梨,ひがしやまなし
東秋留,ひがしあきる
東十条,ひがしじゅうじょう
東所沢,ひがしところざわ
東小金井,ひがしこがねい
東松戸,ひがしまつど
東神奈川,ひがしかながわ
東逗子,ひがしずし
東青梅,ひがしおうめ
東千葉,ひがしちば
東川口,ひがしかわぐち
東船橋,ひがしふなばし
東大宮,ひがしおおみや
東中神,ひがしなかがみ
東中野,ひがしなかの
東飯能,ひがしはんのう
東福生,ひがしふっさ
東浪見,とらみ
東鷲宮,ひがしわしのみや
湯河原,ゆがわら
湯本,ゆもと
藤代,ふじしろ
藤沢,ふじさわ
藤野,ふじの
栃木,とちぎ
那古船形,なこふなかた
那須塩原,なすしおばら
内郷,うちごう
内原,うちはら
南浦和,みなみうらわ
南越谷,みなみこしがや
南橋本,みなみはしもと
南古谷,みなみふるや
南三原,みなみみはら
南酒々井,みなみしすい
南千住,みなみせんじゅ
南船橋,みなみふなばし
南多摩,みなみたま
南中郷,みなみなかごう
南柏,みなみかしわ
南与野,みなみよの
南流山,みなみながれやま
二宮,にのみや
二俣新町,ふたまたしんまち
二俣尾,ふたまたお
日光,にっこう
日向,ひなた
日向和田,ひなたわだ
日進,にっしん
日暮里,にっぽり
日野,ひの
日立,ひたち
入谷,いりや
韮崎,にらさき
熱海,あたみ
馬橋,まばし
馬喰町,ばくろちょう
拝島,はいじま
柏,かしわ
白岡,しらおか
白丸,しろまる
箱根ケ崎,はこねがさき
八王子,はちおうじ
八王子みなみ野,はちおうじみなみの
八街,やちまた
八積,やつみ
八丁畷,はっちょうなわて
八丁堀,はっちょうぼり
八日市場,ようかいちば
八幡宿,やわたじゅく
八木原,やぎはら
鳩ノ巣,はとのす
板橋,いたばし
飯岡,いいおか
飯倉,いいぐら
飯田橋,いいだばし
番田,ばんだ
尾久,おく
品川,しながわ
浜金谷,はまかなや
浜松町,はままつちょう
浜川崎,はまかわさき
浜野,はまの
富浦,とみうら
富岡,とみおか
富田,とみた
布佐,ふさ
府中本町,ふちゅうほんまち
敷島,しきしま
浮間舟渡,うきまふなど
武蔵引田,むさしひきだ
武蔵浦和,むさしうらわ
武蔵境,むさしさかい
武蔵五日市,むさしいつかいち
武蔵溝ノ口,むさしみぞのくち
武蔵高萩,むさしたかはぎ
武蔵小金井,むさしこがねい
武蔵小杉,むさしこすぎ
武蔵新城,むさししんじょう
武蔵増戸,むさしますこ
武蔵中原,むさしなかはら
武蔵白石,むさししらいし
舞浜,まいはま
福原,ふくはら
福生,ふっさ
福俵,ふくだわら
淵野辺,ふちのべ
物井,ものい
分倍河原,ぶばいがわら
文挾,ふばさみ
平井,ひらい
平間,ひらま
平塚,ひらつか
片岡,かたおか
片倉,かたくら
弁天橋,べんてんばし
保田,ほた
保土ケ谷,ほどがや
宝積寺,ほうしゃくじ
豊田,とよだ
北浦和,きたうらわ
北鎌倉,きたかまくら
北茅ケ崎,きたちがさき
北戸田,きたとだ
北高崎,きたたかさき
北鴻巣,きたこうのす
北小金,きたこがね
北松戸,きたまつど
北上尾,きたあげお
北赤羽,きたあかばね
北千住,きたせんじゅ
北朝霞,きたあさか
北藤岡,きたふじおか
北柏,きたかしわ
北八王子,きたはちおうじ
北府中,きたふちゅう
北本,きたもと
北与野,きたよの
本郷台,ほんごうだい
本庄,ほんじょう
本千葉,ほんちば
本納,ほんのう
本八幡,もとやわた
幕張,まくはり
幕張豊砂,まくはりとよすな
幕張本郷,まくはりほんごう
末続,すえつぎ
万座・鹿沢口,まんざかざわぐち
明覚,みょうかく
茂原,もばら
毛呂,もろ
網代,あじろ
木下,きおろし
木戸,きど
木更津,きさらづ
目黒,めぐろ
目白,めじろ
勿来,なこそ
門沢橋,かどさわばし
夜ノ森,よのもり
野崎,のざき
野木,のぎ
矢向,やこう
矢川,やがわ
矢板,やいた
矢部,やべ
矢野口,やのくち
友部,ともべ
有楽町,ゆうらくちょう
与野,よの
与野本町,よのほんまち
誉田,ほんだ
洋光台,ようこうだい
用土,ようど
来宮,きのみや
立川,たちかわ
竜王,りゅうおう
竜田,たつた
龍ケ崎市,りゅうがさきし
両国,りょうごく
梁川,やながわ
蓮田,はすだ
浪花,なみはな
浪江,なみえ
和田浦,わだうら
蕨,わらび
籠原,かごはら
鶯谷,うぐいすだに
